{".env.dev":[".env.dev"],".env.prod":[".env.prod"],"assets/images/5277015.jpg":["assets/images/5277015.jpg"],"assets/images/606ed0e0-4390-4597-9d78-c7c25d92897e.jpeg.jpg":["assets/images/606ed0e0-4390-4597-9d78-c7c25d92897e.jpeg.jpg"],"assets/images/f326dae8-688b-4329-a580-f1f4cc0e8809.jpeg.jpg":["assets/images/f326dae8-688b-4329-a580-f1f4cc0e8809.jpeg.jpg"],"assets/images/home-bg.jpeg":["assets/images/home-bg.jpeg"],"assets/images/login.jpeg":["assets/images/login.jpeg"],"assets/images/login_screen_background.jpeg":["assets/images/login_screen_background.jpeg"],"assets/images/quiz_logo.jpeg":["assets/images/quiz_logo.jpeg"],"assets/images/submission-background.jpg":["assets/images/submission-background.jpg"],"assets/images/timer.gif":["assets/images/timer.gif"],"assets/images/upload.webp":["assets/images/upload.webp"],"assets/images/uploaded.jpg":["assets/images/uploaded.jpg"],"assets/images/uploading.jpg":["assets/images/uploading.jpg"],"packages/cupertino_icons/assets/CupertinoIcons.ttf":["packages/cupertino_icons/assets/CupertinoIcons.ttf"],"packages/window_manager/images/ic_chrome_close.png":["packages/window_manager/images/ic_chrome_close.png"],"packages/window_manager/images/ic_chrome_maximize.png":["packages/window_manager/images/ic_chrome_maximize.png"],"packages/window_manager/images/ic_chrome_minimize.png":["packages/window_manager/images/ic_chrome_minimize.png"],"packages/window_manager/images/ic_chrome_unmaximize.png":["packages/window_manager/images/ic_chrome_unmaximize.png"]}